{
  "theta0": 8499.572535975698,
  "theta1": -2144.872826939721
}