{
  "theta0": 8486.956812152934,
  "theta1": -2133.9236277746054
}